{"cameraMode":{"drawMode":0,"name":"Shaded","section":"Shading Mode"},"sceneLighting":false,"audioPlay":false,"sceneViewState":{"showFog":false,"showMaterialUpdate":false,"showSkybox":false,"showFlares":false,"showImageEffects":false,"showParticleSystems":false},"in2DMode":false,"pivot":{"x":2.568723440170288,"y":3.4488630294799806,"z":1.4932047128677369},"rotation":{"x":0.28561490774154665,"y":-0.32252418994903567,"z":0.10274557024240494,"w":0.896577000617981},"size":1.8174800872802735,"orthographic":false}