{"cameraMode":{"drawMode":0,"name":"Shaded","section":"Shading Mode"},"sceneLighting":false,"audioPlay":false,"sceneViewState":{"showFog":false,"showMaterialUpdate":false,"showSkybox":false,"showFlares":false,"showImageEffects":false,"showParticleSystems":false},"in2DMode":false,"pivot":{"x":0.019801393151283265,"y":0.2537613809108734,"z":-0.7499999403953552},"rotation":{"x":0.001070376136340201,"y":-0.9964675903320313,"z":0.012853257358074189,"w":0.08300860971212387},"size":0.7645837068557739,"orthographic":false}