{"cameraMode":{"drawMode":0,"name":"Shaded","section":"Shading Mode"},"sceneLighting":false,"audioPlay":false,"sceneViewState":{"showFog":false,"showMaterialUpdate":false,"showSkybox":false,"showFlares":false,"showImageEffects":false,"showParticleSystems":false},"in2DMode":false,"pivot":{"x":-0.8468197584152222,"y":0.634306013584137,"z":1.515928864479065},"rotation":{"x":-0.16367404162883759,"y":-0.4179445803165436,"z":0.07683198899030686,"w":-0.8902987837791443},"size":1.54864501953125,"orthographic":false}