{"cameraMode":{"drawMode":0,"name":"Shaded","section":"Shading Mode"},"sceneLighting":false,"audioPlay":false,"sceneViewState":{"showFog":false,"showMaterialUpdate":false,"showSkybox":false,"showFlares":false,"showImageEffects":false,"showParticleSystems":false},"in2DMode":false,"pivot":{"x":271.23809814453127,"y":156.547119140625,"z":3.323577880859375},"rotation":{"x":0.065352663397789,"y":-0.004476964473724365,"z":0.0002762904914561659,"w":0.9978715777397156},"size":182.29148864746095,"orthographic":false}