{"cameraMode":{"drawMode":0,"name":"Shaded","section":"Shading Mode"},"sceneLighting":true,"audioPlay":false,"sceneViewState":{"showFog":false,"showMaterialUpdate":false,"showSkybox":true,"showFlares":false,"showImageEffects":false,"showParticleSystems":false},"in2DMode":false,"pivot":{"x":0.08679139614105225,"y":0.2949117422103882,"z":0.2666035294532776},"rotation":{"x":0.31630784273147585,"y":-0.01849748007953167,"z":0.006168763618916273,"w":0.9484566450119019},"size":2.952908992767334,"orthographic":false}