{"cameraMode":{"drawMode":0,"name":"Shaded","section":"Shading Mode"},"sceneLighting":false,"audioPlay":false,"sceneViewState":{"showFog":false,"showMaterialUpdate":false,"showSkybox":false,"showFlares":false,"showImageEffects":false,"showParticleSystems":false},"in2DMode":false,"pivot":{"x":-0.059587687253952029,"y":0.07606832683086395,"z":2.8889846801757814},"rotation":{"x":0.1139378473162651,"y":0.2737528681755066,"z":-0.03267745301127434,"w":0.9544765949249268},"size":0.4228740334510803,"orthographic":false}