{"cameraMode":{"drawMode":0,"name":"Shaded","section":"Shading Mode"},"sceneLighting":true,"audioPlay":false,"sceneViewState":{"showFog":false,"showMaterialUpdate":false,"showSkybox":true,"showFlares":false,"showImageEffects":false,"showParticleSystems":false},"in2DMode":false,"pivot":{"x":-0.18927764892578126,"y":0.09960460662841797,"z":3.661034107208252},"rotation":{"x":-0.35920804738998415,"y":-0.3913019001483917,"z":0.16920813918113709,"w":-0.8302220106124878},"size":5.454814434051514,"orthographic":false}