{"cameraMode":{"drawMode":0,"name":"Shaded","section":"Shading Mode"},"sceneLighting":false,"audioPlay":false,"sceneViewState":{"showFog":false,"showMaterialUpdate":false,"showSkybox":false,"showFlares":false,"showImageEffects":false,"showParticleSystems":false},"in2DMode":false,"pivot":{"x":0.019801393151283265,"y":0.2537613809108734,"z":-0.7499999403953552},"rotation":{"x":0.5829415321350098,"y":0.2951701581478119,"z":-0.23962119221687318,"w":0.7180802822113037},"size":0.7645837068557739,"orthographic":false}