{"cameraMode":{"drawMode":0,"name":"Shaded","section":"Shading Mode"},"sceneLighting":true,"audioPlay":false,"sceneViewState":{"showFog":false,"showMaterialUpdate":false,"showSkybox":true,"showFlares":false,"showImageEffects":false,"showParticleSystems":false},"in2DMode":false,"pivot":{"x":-2.2863380908966066,"y":1.8236045837402344,"z":-0.0971982479095459},"rotation":{"x":0.5829415321350098,"y":0.2951701581478119,"z":-0.23962119221687318,"w":0.7180802822113037},"size":5.313173770904541,"orthographic":false}