{"cameraMode":{"drawMode":0,"name":"Shaded","section":"Shading Mode"},"sceneLighting":true,"audioPlay":false,"sceneViewState":{"showFog":false,"showMaterialUpdate":false,"showSkybox":true,"showFlares":false,"showImageEffects":false,"showParticleSystems":false},"in2DMode":false,"pivot":{"x":3.46658992767334,"y":-2.173959255218506,"z":-0.30939245223999026},"rotation":{"x":0.5022229552268982,"y":0.3539566099643707,"z":-0.23612776398658753,"w":0.7528334856033325},"size":8.64115047454834,"orthographic":false}