{"cameraMode":{"drawMode":0,"name":"Shaded","section":"Shading Mode"},"sceneLighting":true,"audioPlay":false,"sceneViewState":{"showFog":false,"showMaterialUpdate":false,"showSkybox":true,"showFlares":false,"showImageEffects":false,"showParticleSystems":false},"in2DMode":false,"pivot":{"x":-2.0741450786590578,"y":3.7277565002441408,"z":1.7929428815841675},"rotation":{"x":0.48844870924949648,"y":0.5115490555763245,"z":-0.500917911529541,"w":0.49881693720817568},"size":10.262344360351563,"orthographic":false}