{"cameraMode":{"drawMode":0,"name":"Shaded","section":"Shading Mode"},"sceneLighting":true,"audioPlay":false,"sceneViewState":{"showFog":false,"showMaterialUpdate":false,"showSkybox":true,"showFlares":false,"showImageEffects":false,"showParticleSystems":false},"in2DMode":false,"pivot":{"x":-0.6863927841186523,"y":1.0109939575195313,"z":-2.6554031372070314},"rotation":{"x":-0.32027682662010195,"y":-0.49102360010147097,"z":0.20021241903305055,"w":-0.7850369811058044},"size":11.027900695800782,"orthographic":false}