{"cameraMode":{"drawMode":0,"name":"Shaded","section":"Shading Mode"},"sceneLighting":true,"audioPlay":false,"sceneViewState":{"showFog":false,"showMaterialUpdate":false,"showSkybox":true,"showFlares":false,"showImageEffects":false,"showParticleSystems":false},"in2DMode":false,"pivot":{"x":2.762723445892334,"y":3.41886305809021,"z":1.5442047119140626},"rotation":{"x":-0.1269773691892624,"y":-0.33455049991607668,"z":0.04554285854101181,"w":-0.9326746463775635},"size":1.5174801349639893,"orthographic":false}