{"cameraMode":{"drawMode":0,"name":"Shaded","section":"Shading Mode"},"sceneLighting":false,"audioPlay":false,"sceneViewState":{"showFog":false,"showMaterialUpdate":false,"showSkybox":false,"showFlares":false,"showImageEffects":false,"showParticleSystems":false},"in2DMode":false,"pivot":{"x":0.019801393151283265,"y":0.2537613809108734,"z":-0.7499999403953552},"rotation":{"x":0.0008420168305747211,"y":0.9991151690483093,"z":0.024585194885730745,"w":-0.03418656066060066},"size":0.7645837068557739,"orthographic":false}