{"cameraMode":{"drawMode":0,"name":"Shaded","section":"Shading Mode"},"sceneLighting":true,"audioPlay":false,"sceneViewState":{"showFog":false,"showMaterialUpdate":false,"showSkybox":true,"showFlares":false,"showImageEffects":false,"showParticleSystems":false},"in2DMode":false,"pivot":{"x":-1.5263004302978516,"y":0.4488372802734375,"z":1.1690208911895753},"rotation":{"x":0.2643260061740875,"y":0.5308274030685425,"z":-0.17848102748394013,"w":0.785233199596405},"size":3.2715015411376955,"orthographic":false}