{"cameraMode":{"drawMode":0,"name":"Shaded","section":"Shading Mode"},"sceneLighting":false,"audioPlay":false,"sceneViewState":{"showFog":false,"showMaterialUpdate":false,"showSkybox":false,"showFlares":false,"showImageEffects":false,"showParticleSystems":false},"in2DMode":false,"pivot":{"x":0.0015980154275894166,"y":0.15660914778709413,"z":2.869999885559082},"rotation":{"x":0.004418489057570696,"y":-0.9939433932304382,"z":0.043572183698415759,"w":0.10083925724029541},"size":0.725346028804779,"orthographic":false}