{"cameraMode":{"drawMode":0,"name":"Shaded","section":"Shading Mode"},"sceneLighting":false,"audioPlay":false,"sceneViewState":{"showFog":false,"showMaterialUpdate":false,"showSkybox":false,"showFlares":false,"showImageEffects":false,"showParticleSystems":false},"in2DMode":false,"pivot":{"x":-4.79695463180542,"y":0.5114083886146545,"z":6.227999687194824},"rotation":{"x":0.21435509622097016,"y":0.25724074244499209,"z":-0.0586436465382576,"w":0.9404542446136475},"size":2.7735817432403566,"orthographic":false}