{"cameraMode":{"drawMode":0,"name":"Shaded","section":"Shading Mode"},"sceneLighting":true,"audioPlay":false,"sceneViewState":{"showFog":false,"showMaterialUpdate":false,"showSkybox":true,"showFlares":false,"showImageEffects":false,"showParticleSystems":false},"in2DMode":false,"pivot":{"x":3.4892051219940187,"y":-2.6026105880737306,"z":3.789095640182495},"rotation":{"x":0.4434887170791626,"y":0.2063702642917633,"z":-0.10571315884590149,"w":0.8657693266868591},"size":13.329365730285645,"orthographic":false}