{"cameraMode":{"drawMode":0,"name":"Shaded","section":"Shading Mode"},"sceneLighting":false,"audioPlay":false,"sceneViewState":{"showFog":false,"showMaterialUpdate":false,"showSkybox":false,"showFlares":false,"showImageEffects":false,"showParticleSystems":false},"in2DMode":false,"pivot":{"x":-3.369999885559082,"y":5.340000152587891,"z":-3.369999885559082},"rotation":{"x":-0.39365124702453616,"y":0.052903078496456149,"z":-0.022697798907756807,"w":-0.9174588322639465},"size":10.0,"orthographic":false}