{"cameraMode":{"drawMode":0,"name":"Shaded","section":"Shading Mode"},"sceneLighting":true,"audioPlay":false,"sceneViewState":{"showFog":false,"showMaterialUpdate":false,"showSkybox":true,"showFlares":false,"showImageEffects":false,"showParticleSystems":false},"in2DMode":false,"pivot":{"x":3.1406173706054689,"y":1.327892780303955,"z":4.684972763061523},"rotation":{"x":0.4134659469127655,"y":0.22028961777687074,"z":-0.10381539911031723,"w":0.8773489594459534},"size":15.994921684265137,"orthographic":false}