{"cameraMode":{"drawMode":0,"name":"Shaded","section":"Shading Mode"},"sceneLighting":true,"audioPlay":false,"sceneViewState":{"showFog":false,"showMaterialUpdate":false,"showSkybox":true,"showFlares":false,"showImageEffects":false,"showParticleSystems":false},"in2DMode":false,"pivot":{"x":-1.9887380599975587,"y":3.826171875,"z":3.411970853805542},"rotation":{"x":0.36556190252304079,"y":0.35417279601097109,"z":-0.15284177660942079,"w":0.847109317779541},"size":1.9664578437805176,"orthographic":false}