{"cameraMode":{"drawMode":0,"name":"Shaded","section":"Shading Mode"},"sceneLighting":false,"audioPlay":false,"sceneViewState":{"showFog":false,"showMaterialUpdate":false,"showSkybox":false,"showFlares":false,"showImageEffects":false,"showParticleSystems":false},"in2DMode":false,"pivot":{"x":0.019801393151283265,"y":0.2537613809108734,"z":-0.7499999403953552},"rotation":{"x":-0.18330538272857667,"y":-0.10389810055494309,"z":0.01948617398738861,"w":-0.977358341217041},"size":0.7645837068557739,"orthographic":false}