{"cameraMode":{"drawMode":0,"name":"Shaded","section":"Shading Mode"},"sceneLighting":false,"audioPlay":false,"sceneViewState":{"showFog":false,"showMaterialUpdate":false,"showSkybox":false,"showFlares":false,"showImageEffects":false,"showParticleSystems":false},"in2DMode":false,"pivot":{"x":2.568723440170288,"y":3.4488630294799806,"z":1.4932047128677369},"rotation":{"x":0.10110151767730713,"y":-0.619878351688385,"z":0.08097760379314423,"w":0.773935854434967},"size":0.6174800992012024,"orthographic":false}