{"cameraMode":{"drawMode":0,"name":"Shaded","section":"Shading Mode"},"sceneLighting":true,"audioPlay":false,"sceneViewState":{"showFog":false,"showMaterialUpdate":false,"showSkybox":true,"showFlares":false,"showImageEffects":false,"showParticleSystems":false},"in2DMode":false,"pivot":{"x":2.0,"y":3.980393409729004,"z":3.9425435066223146},"rotation":{"x":0.2785123288631439,"y":-0.021903349086642267,"z":0.00651603052392602,"w":0.9602065682411194},"size":8.853785514831543,"orthographic":false}