{"cameraMode":{"drawMode":0,"name":"Shaded","section":"Shading Mode"},"sceneLighting":true,"audioPlay":false,"sceneViewState":{"showFog":false,"showMaterialUpdate":false,"showSkybox":true,"showFlares":false,"showImageEffects":false,"showParticleSystems":false},"in2DMode":false,"pivot":{"x":-0.24289560317993165,"y":-1.4159393310546876,"z":0.000507354736328125},"rotation":{"x":0.34374165534973147,"y":0.3350279927253723,"z":-0.13280382752418519,"w":0.8671601414680481},"size":6.9860076904296879,"orthographic":false}