{"cameraMode":{"drawMode":0,"name":"Shaded","section":"Shading Mode"},"sceneLighting":true,"audioPlay":false,"sceneViewState":{"showFog":false,"showMaterialUpdate":false,"showSkybox":true,"showFlares":false,"showImageEffects":false,"showParticleSystems":false},"in2DMode":false,"pivot":{"x":1.3516252040863038,"y":-2.1228199005126955,"z":-1.752838134765625},"rotation":{"x":0.27511218190193179,"y":0.5798170566558838,"z":-0.21687088906764985,"w":0.7356169819831848},"size":15.206480026245118,"orthographic":false}