{"cameraMode":{"drawMode":0,"name":"Shaded","section":"Shading Mode"},"sceneLighting":true,"audioPlay":false,"sceneViewState":{"showFog":false,"showMaterialUpdate":false,"showSkybox":true,"showFlares":false,"showImageEffects":false,"showParticleSystems":false},"in2DMode":false,"pivot":{"x":-1.4294623136520386,"y":5.02628755569458,"z":0.30176907777786257},"rotation":{"x":0.4479004740715027,"y":0.33990517258644106,"z":-0.18888528645038606,"w":0.8051425218582153},"size":8.581071853637696,"orthographic":false}