{"cameraMode":{"drawMode":0,"name":"Shaded","section":"Shading Mode"},"sceneLighting":true,"audioPlay":false,"sceneViewState":{"showFog":false,"showMaterialUpdate":false,"showSkybox":true,"showFlares":false,"showImageEffects":false,"showParticleSystems":false},"in2DMode":false,"pivot":{"x":0.9455430507659912,"y":2.035478115081787,"z":5.081363677978516},"rotation":{"x":0.3760566711425781,"y":0.34366416931152346,"z":-0.1526050865650177,"w":0.846870481967926},"size":3.4485480785369875,"orthographic":false}