{"cameraMode":{"drawMode":0,"name":"Shaded","section":"Shading Mode"},"sceneLighting":true,"audioPlay":false,"sceneViewState":{"showFog":false,"showMaterialUpdate":false,"showSkybox":true,"showFlares":false,"showImageEffects":false,"showParticleSystems":false},"in2DMode":false,"pivot":{"x":-0.6863927841186523,"y":1.0109939575195313,"z":-2.6554031372070314},"rotation":{"x":-0.27622559666633608,"y":-0.33079445362091067,"z":0.10180379450321198,"w":-0.8966382145881653},"size":8.214933395385743,"orthographic":false}