{"cameraMode":{"drawMode":0,"name":"Shaded","section":"Shading Mode"},"sceneLighting":true,"audioPlay":false,"sceneViewState":{"showFog":false,"showMaterialUpdate":false,"showSkybox":true,"showFlares":false,"showImageEffects":false,"showParticleSystems":false},"in2DMode":false,"pivot":{"x":2.4600000381469728,"y":5.039999961853027,"z":1.7599998712539673},"rotation":{"x":0.21703873574733735,"y":0.17173966765403748,"z":-0.038820937275886539,"w":0.9601536393165588},"size":2.7247447967529299,"orthographic":false}