{"cameraMode":{"drawMode":0,"name":"Shaded","section":"Shading Mode"},"sceneLighting":false,"audioPlay":false,"sceneViewState":{"showFog":false,"showMaterialUpdate":false,"showSkybox":false,"showFlares":false,"showImageEffects":false,"showParticleSystems":false},"in2DMode":false,"pivot":{"x":-3.369999885559082,"y":5.340000152587891,"z":-3.369999885559082},"rotation":{"x":0.32087811827659609,"y":0.08084654808044434,"z":-0.027502000331878663,"w":0.9432639479637146},"size":10.0,"orthographic":false}