{"cameraMode":{"drawMode":0,"name":"Shaded","section":"Shading Mode"},"sceneLighting":false,"audioPlay":false,"sceneViewState":{"showFog":false,"showMaterialUpdate":false,"showSkybox":false,"showFlares":false,"showImageEffects":false,"showParticleSystems":false},"in2DMode":false,"pivot":{"x":0.0,"y":0.11874999105930329,"z":-3.130000114440918},"rotation":{"x":0.24676889181137086,"y":0.36112046241760256,"z":-0.09970899671316147,"w":0.8937333226203919},"size":0.7170087099075317,"orthographic":false}