{"cameraMode":{"drawMode":0,"name":"Shaded","section":"Shading Mode"},"sceneLighting":false,"audioPlay":false,"sceneViewState":{"showFog":false,"showMaterialUpdate":false,"showSkybox":false,"showFlares":false,"showImageEffects":false,"showParticleSystems":false},"in2DMode":false,"pivot":{"x":-4.79695463180542,"y":0.5114083886146545,"z":5.227999687194824},"rotation":{"x":-0.236481711268425,"y":-0.4101896286010742,"z":0.11101438850164414,"w":-0.8737826943397522},"size":2.7735817432403566,"orthographic":false}